imie,nazwisko,status,email,nr_legitymacji,miasto_izby,kancelaria_nazwa,kancelaria_adres
Aleksandra,Głowacka,Wykonujący zawód,rada@ora.wroc.pl,WRO/Adw/1948,Wrocław,Kancelaria Adwokacka Aleksandra Głowacka,"Reymonta 6, 56-500 Syców"
Magdalena,Głowacka-Kwiatkowska,Wykonujący zawód,adglowackakwiatkowska@o2.pl,WRO/Adw/842,Wrocław,Kancelaria Adwokacka,"Wolności 6  /5, 56-500 Syców"
Natalia,Gnat,Wykonujący zawód,adw.nataliagnat@gmail.com,WRO/Adw/997,Wrocław,Kancelaria Adwokacka adw. Natalia Gnat,"Junacka 8D, 54-020 Wrocław"
Daria,Kuczyńska - Masiuk,Wykonujący zawód,d_kuczynska@op.pl,WRO/ADW/2288,Wrocław,Kancelaria Adwokacka adwokat Daria Kuczyńska-Masiuk,"Garncarska  6  /1, 56-500 Syców"
Małgorzata,Maciaszek,Wykonujący zawód,gosiamaciaszek@op.pl,WRO/Adw/1033,Wrocław,Kancelaria Adwokacka,"Jana Pawła II 12  /1, 53-500 Syców"
Marcin,Bauer-Breczko,Wykonujący zawód,kancelaria_marcin_bauer@poczta.fm,KRA/Adw/2049,Kraków,Kancelaria Adwokacka,"Beliny Prażmowskiego 71  /9, 31-514 Kraków"
Daria,Bonczar,Wykonujący zawód,daria.bonczar@gmail.com,KIE/ADW/868,Kielce,Kancelaria Adwokacka,"Cudzynowice 208, 28-500 Kazimierza Wielka"
Jakub,Chamielec,Wykonujący zawód,jakub.chamielec.kancelaria@gmail.com,KRA/ADW/4034,Kraków,Kancelaria Adwokacka,"ul. Gwarków 46, 32-020 Wieliczka"
Zbigniew,Cichoń,Wykonujący zawód,adwokat@zbigniewcichon.pl,KRA/Adw/1503,Kraków,Kancelaria Adwokacka,"Plac Kościuszki 1, 32-020 Wieliczka"
Agnieszka,Dymek-Michalska,Wykonujący zawód,a.michalska@msadwokaci.pl,KRA/Adw/3063,Kraków,Kancelaria Adwokacka,"Moniuszki 3  /8, 32-020 Wieliczka"
Ewelina,Filińska-Kęsek,Wykonujący zawód,filinska.kesek@gmail.com,KRA/Adw/2634,Kraków,Kancelaria Adwokacka,"ul. Goliana  14, 32-020 Wieliczka"
Katarzyna,Frankiewicz-Burda,Wykonujący zawód,adwokatkfb@gmail.com,KRA/Adw/2755,Kraków,Kancelaria Adwokacka,"Al. Beliny-Prażmowskiego 14A  /1, 31-514 Kraków"
Norbert,Gaczoł,Wykonujący zawód,ora@adwokatura.krakow.pl,KRA/ADW/4316,Kraków,Kancelaria Adwokacka,"ul. Przebieczany 579, 32-020 Wieliczka"
Łukasz,Gałka,Wykonujący zawód,lgalka@kancelariastg.pl,KRA/Adw/2930,Kraków,Spółka,"Kancelaria Adwokacka STG Sierbiński, Gałka i Partnerzy Spółka Partnerska, Porucznika B. Szpunara 27 A, 32-020 Wieliczka"
Mateusz,Gałka,Wykonujący zawód,mateusz.galka@outlook.com,KRA/Adw/3214,Kraków,Kancelaria Adwokacka,"Kosiby 6  /1m, 32-020 Wieliczka"
Magdalena,Grzesiak,Wykonujący zawód,kancelaria@grzesiak-adwokat.pl,KRA/ADW/3916,Kraków,Kancelaria Adwokacka,"ul. Kilińskiego 15, 32-020 Wieliczka"
Paweł,Król,Wykonujący zawód,pawel.krol@adwokat-krol.pl,KRA/Adw/2888,Kraków,Kancelaria Adwokacka,"ul. Dembowskiego 59, 32-020 Wieliczka"
Michał,Łyżwa,Wykonujący zawód,kancelaria@adwokatwieliczka.com,KRA/Adw/2564,Kraków,Kancelaria Adwokacka,"Limanowskiego 12  /2, 32-020 Wieliczka"
Wiesław,Marciniec,Wykonujący zawód,w.marciniec@wfmlegal.com,KRA/ADW/3937,Kraków,Kancelaria Adwokacka,"ul. Kilińskiego 15, 32-020 Wieliczka"
Radosław,Misztal,Wykonujący zawód,kancelaria@adwokatmisztal.pl,KRA/Adw/2571,Kraków,Kancelaria Adwokacka,"Rynek Górny 12  /2, 32-020 Wieliczka"
Agnieszka,Pankiewicz,Wykonujący zawód,agnieszka.pankiewicz@adwokatura.pl,KRA/Adw/2436,Kraków,Kancelaria Adwokacka,"ul. Moniuszki 3  /8, 32-020 Wieliczka"
Katarzyna,Piwowarczyk-Szczurowska,Wykonujący zawód,kps@themidis.pl,KRA/Adw/2472,Kraków,Kancelaria Adwokacka,"Leśna 2, 32-020 Wieliczka"
Katarzyna,Procyk-Wypyska,Wykonujący zawód,katarzyna.procyk@gmail.com,KRA/Adw/2808,Kraków,Kancelaria Adwokacka,"ul. Magnoliowa 1 E, 32-020 Wieliczka"
Marcin,Prüffer,Wykonujący zawód,kontakt@pruffer.pl,KRA/Adw/2586,Kraków,Kancelaria Adwokacka,"ul. Goliana 14, 32-020 Wieliczka"
Piotr,Rorbach,Wykonujący zawód,wrkancelaria@gmail.com,KRA/Adw/2424,Kraków,Kancelaria Adwokacka,"ul. Kazimierza Wielkiego  7  /6, 32-700 Bochnia"
Magdalena,Seweryn-Misztal,Wykonujący zawód,seweryn-misztal@gladyszowski.pl,KRA/Adw/2592,Kraków,Kancelaria Adwokacka,"Danka 8  /25-26, 31-229 Kraków"
Artur,Sierbiński,Wykonujący zawód,asierbinski@kancelariastg.pl,KRA/Adw/2707,Kraków,Spółka,"Kancelaria Adwokacka STG Sierbiński, Gałka i Partnerzy Spółka Partnerska, Porucznika B. Szpunara 27 A, 32-020 Wieliczka"
Piotr,Sołhaj,Wykonujący zawód,piotr.solhaj@gmail.com,KRA/Adw/1759,Kraków,Kancelaria Adwokacka,"Rzeźnicza 9, 31-540 Kraków"
Magdalena,Sułkowska,Wykonujący zawód,ma.sulkowska@gmail.com,KRA/Adw/3605,Kraków,Kancelaria Adwokacka,"ul. Mogilska 11  /10, 31-542 Kraków"
Monika,Szafirowska,Wykonujący zawód,monikaszafirowska@gmail.com,KRA/ADW/4264,Kraków,Kancelaria Adwokacka,"ul. Ks. Goliana 4A, 32-020 Wieliczka"
Joanna,Śledzińska,Wykonujący zawód,kancelaria@rymarowicz.pl,KRA/Adw/3592,Kraków,Kancelaria Adwokacka,"ul. Rynek 18, 32-050 Skawina"
Robert,Tomczyk,Wykonujący zawód,adwokatbochnia@gmail.com,KRA/Adw/2464,Kraków,Kancelaria Adwokacka,"Os. Centrum C 10  /49, 31-931 Kraków"
Kinga,Węgiel,Wykonujący zawód,kwegiel@gmail.com,KRA/Adw/2647,Kraków,Kancelaria Adwokacka,"Rynek  2, 32-800 Brzesko"
Magdalena,Wieszczek,Wykonujący zawód,magdalenawieszczek.adwokat@gmail.com,KRA/Adw/3144,Kraków,Kancelaria Adwokacka,"ul. Szlak 8  /7, 31-161 Kraków"
Anna,Gabryś,Wykonujący zawód,kancelaria_adwokacka_gabrys@wp.pl,POZ/Adw/2802,Poznań,Kancelaria Adwokacka,"Zamkowa 30, 63-500 Ostrzeszów"
Witold,Gabryś,Wykonujący zawód,kancelaria_adwokacka_gabrys@wp.pl,POZ/Adw/1987,Poznań,Kancelaria Adwokacka,"ul.  Zamkowa 30, 63-500 Ostrzeszów"
Weronika,Gąsiorek,Wykonujący zawód,kancelaria.gasiorek@gmail.com,POZ/ADW/4307,Poznań,Kancelaria Adwokacka,"ul. Farna 8, 63-500 Ostrzeszów"
Mateusz,Horyza,Wykonujący zawód,kancelaria@adwokat-horyza.pl,POZ/Adw/3875,Poznań,Kancelaria Adwokacka,"Koźmińska 34  /2, 63-700 Krotoszyn"
Joanna,Królak,Wykonujący zawód,kancelariakrolak@wp.pl,POZ/Adw/1490,Poznań,Kancelaria Adwokacka,"Zamkowa  30, 63-500 Ostrzeszów"
Tomasz,Lamek,Wykonujący zawód,tomasz.lamek@adwokatura.pl,POZ/Adw/3053,Poznań,Kancelaria Adwokacka,"Borek 2, 63-500 Ostrzeszów"
Katarzyna,Lipnicka-Ręk,Wykonujący zawód,kancelaria.lipnicka@gmail.com,POZ/Adw/3159,Poznań,Kancelaria Adwokacka,"Zamkowa 11  /1, 63-500 Ostrzeszów"
Szymon,Stypuła,Wykonujący zawód,kancelaria@adwokat-stypula.pl,POZ/Adw/3202,Poznań,Kancelaria Adwokacka,"ul. Podhalańska 14, 60-615 Poznań"
Paweł,Wala,Wykonujący zawód,kancelariawala@poczta.onet.pl,POZ/Adw/1797,Poznań,Kancelaria Adwokacka,"Piastowska  16, 63-500 Ostrzeszów"
Katarzyna,Wiktorzak,Wykonujący zawód,wiktorzak.adwokatura@gmail.com,POZ/ADW/4984,Poznań,Kancelaria Adwokacka,"ul. Kolejowa 19, 63-500 Ostrzeszów"
